city,year,weekofyear,week_start_date,avg_temp,precip_amt,humidity,total_cases
New_London,2002,1,1/1/02,299.1,2.5,15.81,37
New_London,2002,2,1/8/02,298.5071429,13.8,16.17857143,38
New_London,2002,3,1/15/02,298.5571429,1.21,15.51857143,34
New_London,2002,4,1/22/02,298.5142857,12.44,15.55142857,26
New_London,2002,5,1/29/02,298.35,10.8,15.18714286,19
New_London,2002,6,2/5/02,297.8142857,24,14.73428571,18
New_London,2002,7,2/12/02,298.0642857,3.6,14.75428571,22
New_London,2002,8,2/19/02,298.2428571,3.9,14.93142857,16
New_London,2002,9,2/26/02,297.2357143,12.8,13.59285714,18
New_London,2002,10,3/5/02,297.1142857,7.8,13.78142857,6
New_London,2002,11,3/12/02,297.7285714,11.8,14.53,12
New_London,2002,12,3/19/02,298.0785714,0.6,14.62857143,6
New_London,2002,13,3/26/02,298.4785714,2.2,14.97,6
New_London,2002,14,4/2/02,298.3285714,17.8,15.46857143,3
New_London,2002,15,4/9/02,298.4428571,55.1,16.20857143,7
New_London,2002,16,4/16/02,297.0285714,22.4,13.63857143,6
New_London,2002,17,4/23/02,298.0714286,31,16.36857143,1
New_London,2002,18,4/30/02,298.4785714,18,16.53571429,3
New_London,2002,19,5/7/02,299.0928571,11,16.30857143,2
New_London,2002,20,5/14/02,299.1142857,9.3,15.78857143,2
New_London,2002,21,5/21/02,299.85,5.5,16.62714286,1
New_London,2002,22,5/28/02,299.9,8.2,16.75714286,10
New_London,2002,23,6/4/02,299.6642857,15.65,17.65857143,3
New_London,2002,24,6/11/02,299.9642857,17.55,17.76714286,3
New_London,2002,25,6/18/02,300.2071429,15.73,17.80142857,1
New_London,2002,26,6/25/02,299.95,24.1,17.35714286,1
New_London,2002,27,7/2/02,300.55,10.8,17.39857143,2
New_London,2002,28,7/9/02,300.1285714,11.65,17.43285714,6
New_London,2002,29,7/16/02,300.5857143,10.3,17.80857143,3
New_London,2002,30,7/23/02,300.6785714,7.09,17.26,3
New_London,2002,31,7/30/02,300.5285714,47.12,18.44714286,5
New_London,2002,32,8/6/02,301.2,9.36,18.20142857,4
New_London,2002,33,8/13/02,300.9857143,23.78,18.36428571,7
New_London,2002,34,8/20/02,300.8357143,39.62,18.24571429,6
New_London,2002,35,8/27/02,301.2571429,15,17.97285714,5
New_London,2002,36,9/3/02,300.7928571,46.4,18.09857143,7
New_London,2002,37,9/10/02,301.4071429,10.9,18.19142857,6
New_London,2002,38,9/17/02,301.2285714,27.5,18.65142857,4
New_London,2002,39,9/24/02,301.1071429,13.4,18.24428571,4
New_London,2002,40,10/1/02,301.1571429,20,18.67428571,7
New_London,2002,41,10/8/02,300.7071429,25.5,18.19142857,9
New_London,2002,42,10/15/02,300.6,23.5,17.95,5
New_London,2002,43,10/22/02,300.5285714,27,18.10428571,5
New_London,2002,44,10/29/02,300.55,34.7,17.68857143,10
New_London,2002,45,11/5/02,300.65,9.5,17.26571429,6
New_London,2002,46,11/12/02,300.7571429,7.6,16.81857143,13
New_London,2002,47,11/19/02,299.8857143,32.3,17.33857143,6
New_London,2002,48,11/26/02,300.1285714,22.77,17.51,5
New_London,2002,49,12/3/02,300.3142857,5.9,16.57857143,5
New_London,2002,50,12/10/02,299.9285714,7.45,16.32714286,9
New_London,2002,51,12/17/02,299.6,8.3,15.91857143,3
New_London,2002,52,12/24/02,298.8071429,19.7,16.16,6
New_London,2003,1,1/1/03,298.0857143,20.5,15.84571429,11
New_London,2003,2,1/8/03,298.7214286,36.6,15.94,7
New_London,2003,3,1/15/03,299.1214286,2.5,15.58714286,7
New_London,2003,4,1/22/03,299.35,3.6,15.6,15
New_London,2003,5,1/29/03,298.3571429,32.3,15.7,9
New_London,2003,6,2/5/03,298.3214286,18.4,15.63,6
New_London,2003,7,2/12/03,298.4357143,33.6,15.91428571,6
New_London,2003,8,2/19/03,299,9.7,15.37,6
New_London,2003,9,2/26/03,298.8357143,7.2,15.19428571,7
New_London,2003,10,3/5/03,298.9928571,0.5,14.87285714,10
New_London,2003,11,3/12/03,299.2714286,2.7,15.49,8
New_London,2003,12,3/19/03,299.0571429,1.8,14.88428571,7
New_London,2003,13,3/26/03,299.0357143,7.3,15.22142857,12
New_London,2003,14,4/2/03,299.0428571,7.5,15.73,3
New_London,2003,15,4/9/03,298.4071429,43.64,15.90142857,2
New_London,2003,16,4/16/03,298.7714286,23.5,16.38142857,7
New_London,2003,17,4/23/03,298.4214286,111.7,16.88571429,5
New_London,2003,18,4/30/03,299.4,15.2,16.83285714,5
New_London,2003,19,5/7/03,300.2071429,1.5,16.51714286,7
New_London,2003,20,5/14/03,299.7285714,7.7,15.93,7
New_London,2003,21,5/21/03,299.7071429,13.76,16.57285714,7
New_London,2003,22,5/28/03,299.6857143,28.3,17.42428571,7
New_London,2003,23,6/4/03,300.3357143,1.6,16.90142857,10
New_London,2003,24,6/11/03,299.8428571,20.1,16.75857143,13
New_London,2003,25,6/18/03,300.0142857,21.81,17.02285714,10
New_London,2003,26,6/25/03,300.1428571,18.4,17.75428571,14
New_London,2003,27,7/2/03,300.5,5.8,17.74428571,11
New_London,2003,28,7/9/03,299.9571429,44.04,17.48714286,20
New_London,2003,29,7/16/03,300.3428571,21.9,17.72428571,25
New_London,2003,30,7/23/03,300.4857143,13.4,17.65857143,17
New_London,2003,31,7/30/03,300.3,46.9,18.33857143,18
New_London,2003,32,8/6/03,300.5714286,22.5,18.21571429,25
New_London,2003,33,8/13/03,300.5785714,29.1,18.14571429,21
New_London,2003,34,8/20/03,300.7928571,31,18.06142857,31
New_London,2003,35,8/27/03,300.7285714,50.86,18.57142857,32
New_London,2003,36,9/3/03,300.75,63,18.96857143,26
New_London,2003,37,9/10/03,301.2285714,12.5,18.63571429,35
New_London,2003,38,9/17/03,301.4,13.9,18.29857143,28
New_London,2003,39,9/24/03,300.9142857,26.59,18.67857143,37
New_London,2003,40,10/1/03,301.4071429,11,18.82428571,41
New_London,2003,41,10/8/03,301.1,6.3,17.88428571,34
New_London,2003,42,10/15/03,300.8285714,97.7,18.48571429,30
New_London,2003,43,10/22/03,301.1571429,10.7,18.30142857,39
New_London,2003,44,10/29/03,301.1142857,17.08,18.15714286,39
New_London,2003,45,11/5/03,300.2357143,35.9,17.47,39
New_London,2003,46,11/12/03,300.05,92.1,18.16,34
New_London,2003,47,11/19/03,299.15,181.74,18.37,30
New_London,2003,48,11/26/03,298.9071429,38.7,17.22714286,37
New_London,2003,49,12/3/03,299.2428571,10.26,16.20428571,29
New_London,2003,50,12/10/03,299.1857143,50.6,16.46857143,26
New_London,2003,51,12/17/03,298.6071429,12.28,16.39,15
New_London,2003,52,12/24/03,299.1785714,9.14,16.37571429,22
New_London,2004,1,1/1/04,,,,15
New_London,2004,2,1/8/04,297.5714286,20.7,13.88142857,20
New_London,2004,3,1/15/04,297.9714286,20.2,15.25714286,14
New_London,2004,4,1/22/04,298.1071429,1.1,15.06142857,10
New_London,2004,5,1/29/04,297.6,2,14.39,21
New_London,2004,6,2/5/04,298.25,3.8,14.94142857,14
New_London,2004,7,2/12/04,298.5071429,3.04,14.87428571,14
New_London,2004,8,2/19/04,298.5714286,1.7,14.65285714,9
New_London,2004,9,2/26/04,297.9571429,19.92,15.00428571,11
New_London,2004,10,3/4/04,298.0571429,16.2,15.06571429,5
New_London,2004,11,3/11/04,297.6285714,6.27,13.67142857,6
New_London,2004,12,3/18/04,298.4285714,13.81,15.59142857,7
New_London,2004,13,3/25/04,298.6,11.1,15.33857143,11
New_London,2004,14,4/1/04,296.9214286,81.1,14.72142857,4
New_London,2004,15,4/8/04,298.0857143,11,14.75571429,3
New_London,2004,16,4/15/04,298.9071429,2.6,15.74857143,2
New_London,2004,17,4/22/04,298.8714286,13.8,14.66285714,6
New_London,2004,18,4/29/04,299.3285714,11.86,16.42,10
New_London,2004,19,5/6/04,299.2071429,20.56,15.75,7
New_London,2004,20,5/13/04,298.9142857,36.9,16.73,5
New_London,2004,21,5/20/04,298.1142857,79,16.52142857,3
New_London,2004,22,5/27/04,298.4571429,90.2,16.74,12
New_London,2004,23,6/3/04,300.2071429,5.36,17.88142857,13
New_London,2004,24,6/10/04,299.7571429,30.07,17.47571429,10
New_London,2004,25,6/17/04,300.1357143,20,17.98428571,13
New_London,2004,26,6/24/04,300.6428571,17,17.79428571,13
New_London,2004,27,7/1/04,300.6785714,32.2,17.95142857,8
New_London,2004,28,7/8/04,300.2571429,43.83,17.72857143,21
New_London,2004,29,7/15/04,300.6714286,15.8,18.25285714,18
New_London,2004,30,7/22/04,300.4,31.21,17.51,8
New_London,2004,31,7/29/04,300.2857143,31.51,18.30714286,7
New_London,2004,32,8/5/04,300.6428571,24.6,18.05285714,20
New_London,2004,33,8/12/04,301.2,14.1,17.81857143,14
New_London,2004,34,8/19/04,300.85,44.4,18.77428571,14
New_London,2004,35,8/26/04,301.05,13.5,18.53142857,7
New_London,2004,36,9/2/04,300.9,25.37,17.82285714,14
New_London,2004,37,9/9/04,301,33.4,18.71714286,10
New_London,2004,38,9/16/04,301.2571429,16,18.90428571,13
New_London,2004,39,9/23/04,299.9571429,254.95,18.64571429,27
New_London,2004,40,9/30/04,301.2071429,8.57,17.96428571,13
New_London,2004,41,10/7/04,300.6785714,35.7,18.07285714,18
New_London,2004,42,10/14/04,300.6785714,41.4,18.40285714,16
New_London,2004,43,10/21/04,300.8071429,18,17.69571429,16
New_London,2004,44,10/28/04,300.1571429,25.2,17.76428571,20
New_London,2004,45,11/4/04,299.9,31.2,16.81857143,17
New_London,2004,46,11/11/04,299.9714286,24.5,17.03857143,4
New_London,2004,47,11/18/04,298.5571429,145.8,17.00714286,15
New_London,2004,48,11/25/04,298.4571429,24.9,14.92142857,8
New_London,2004,49,12/2/04,298.9,2.71,15.16285714,6
New_London,2004,50,12/9/04,298.3642857,2.8,14.70857143,12
New_London,2004,51,12/16/04,298.95,29.32,16.62142857,15
New_London,2004,52,12/23/04,298.8714286,41.3,17.14857143,11
Hartford,2002,1,1/1/02,297.8714286,109.8,17.61857143,4
Hartford,2002,2,1/8/02,301.2714286,5.5,16.48285714,11
Hartford,2002,3,1/15/02,300.9071429,4.7,16.15714286,16
Hartford,2002,4,1/22/02,299.8785714,19.91,16.67714286,23
Hartford,2002,5,1/29/02,297.9,43.12,17.69,12
Hartford,2002,6,2/5/02,296.6928571,69.96,16.72285714,14
Hartford,2002,7,2/12/02,299.2928571,33.3,18.14714286,18
Hartford,2002,8,2/19/02,299.0214286,49.43,17.68714286,8
Hartford,2002,9,2/26/02,298.1928571,201.2,18.12571429,7
Hartford,2002,10,3/5/02,299.9571429,160.1,18.36142857,10
Hartford,2002,11,3/12/02,300.15,46.9,17.79571429,7
Hartford,2002,12,3/19/02,299.2428571,92.4,18.44285714,10
Hartford,2002,13,3/26/02,297.2142857,127.9,17.68,5
Hartford,2002,14,4/2/02,298.0642857,122.3,18.39571429,11
Hartford,2002,15,4/9/02,297.7,187.8,17.93,8
Hartford,2002,16,4/16/02,298.9214286,49.8,17.93571429,18
Hartford,2002,17,4/23/02,298.8142857,96.1,18.22285714,13
Hartford,2002,18,4/30/02,298.55,52.6,17.80714286,9
Hartford,2002,19,5/7/02,298.4357143,66.85,18.02428571,22
Hartford,2002,20,5/14/02,297.5857143,93.4,17.74428571,10
Hartford,2002,21,5/21/02,298.6214286,32.3,17.58428571,5
Hartford,2002,22,5/28/02,298.7142857,58.02,17.82285714,13
Hartford,2002,23,6/4/02,297.0857143,19.12,16.77428571,2
Hartford,2002,24,6/11/02,298.9714286,39.48,17.63857143,11
Hartford,2002,25,6/18/02,297.5142857,22.95,15.41428571,11
Hartford,2002,26,6/25/02,296.9071429,14.1,13.87,3
Hartford,2002,27,7/2/02,294.8928571,6.2,13.45428571,7
Hartford,2002,28,7/9/02,297.0357143,8.7,14.46428571,7
Hartford,2002,29,7/16/02,297.7428571,8.3,14.81857143,4
Hartford,2002,30,7/23/02,298.3,12.41,14.93,5
Hartford,2002,31,7/30/02,298.7285714,23.33,16.07571429,6
Hartford,2002,32,8/6/02,298.6428571,5.44,14.24571429,7
Hartford,2002,33,8/13/02,299.3357143,1.7,13.44142857,7
Hartford,2002,34,8/20/02,296.7357143,5.61,14.04571429,4
Hartford,2002,35,8/27/02,299.9857143,10.7,15.41285714,9
Hartford,2002,36,9/3/02,300.6785714,13.1,16.03428571,17
Hartford,2002,37,9/10/02,300.2071429,3.2,14.74571429,8
Hartford,2002,38,9/17/02,301.0428571,0.8,13.97428571,22
Hartford,2002,39,9/24/02,301.1142857,41.1,16.18,18
Hartford,2002,40,10/1/02,301.2357143,24.1,15.63428571,21
Hartford,2002,41,10/8/02,300.55,34.4,17.21142857,16
Hartford,2002,42,10/15/02,299.7142857,40.7,17.18571429,31
Hartford,2002,43,10/22/02,298.15,35.4,16.49,25
Hartford,2002,44,10/29/02,300.2428571,39.7,18.60285714,28
Hartford,2002,45,11/5/02,298.6571429,124.2,18.26714286,26
Hartford,2002,46,11/12/02,298.0214286,91.33,17.90714286,18
Hartford,2002,47,11/19/02,298.8285714,85.8,18.41571429,27
Hartford,2002,48,11/26/02,299.8928571,56.92,18.78428571,11
Hartford,2002,49,12/3/02,299.6571429,49.2,18.10571429,38
Hartford,2002,50,12/10/02,298.95,30.89,18.00428571,29
Hartford,2002,51,12/17/02,299.0571429,24.3,18.26142857,21
Hartford,2002,52,12/24/02,299.1714286,54.7,18.23571429,11
Hartford,2003,1,1/1/03,300.8214286,28.3,17.45285714,10
Hartford,2003,2,1/8/03,299.1714286,33.6,17.49714286,5
Hartford,2003,3,1/15/03,298.6142857,27.9,17.43,6
Hartford,2003,4,1/22/03,299.5642857,8.8,16.51428571,2
Hartford,2003,5,1/29/03,300.2428571,6.26,15.59285714,1
Hartford,2003,6,2/5/03,298.4,170.6,17.85285714,2
Hartford,2003,7,2/12/03,297.6714286,38.7,17.01571429,2
Hartford,2003,8,2/19/03,300.1,41.1,18.02,3
Hartford,2003,9,2/26/03,300.5142857,53.6,18.04428571,5
Hartford,2003,10,3/5/03,298.8928571,134.46,17.5,1
Hartford,2003,11,3/12/03,297.6357143,186.8,17.51571429,4
Hartford,2003,12,3/19/03,299.1714286,362.03,18.25285714,2
Hartford,2003,13,3/26/03,300.3928571,44.5,18.48428571,4
Hartford,2003,14,4/2/03,299.6428571,44.72,18.27857143,0
Hartford,2003,15,4/9/03,298.9714286,86.23,19.07857143,0
Hartford,2003,16,4/16/03,297.5214286,43.85,17.53428571,0
Hartford,2003,17,4/23/03,299.4785714,56.6,18.15571429,0
Hartford,2003,18,4/30/03,297.5857143,247.6,17.68857143,1
Hartford,2003,19,5/7/03,297.9642857,59.5,17.22285714,1
Hartford,2003,20,5/14/03,295.2428571,95.3,16.08571429,1
Hartford,2003,21,5/21/03,296.8357143,34.56,16.51571429,1
Hartford,2003,22,5/28/03,298.9714286,113.8,17.61857143,1
Hartford,2003,23,6/4/03,297.7571429,40.7,17.65142857,2
Hartford,2003,24,6/11/03,297.8071429,61.8,17.66857143,3
Hartford,2003,25,6/18/03,296.7571429,5.56,15.47714286,4
Hartford,2003,26,6/25/03,296.3571429,38.1,15.98571429,6
Hartford,2003,27,7/2/03,295.9928571,42.5,15.51142857,2
Hartford,2003,28,7/9/03,298.3071429,13.55,15.61857143,2
Hartford,2003,29,7/16/03,298.1714286,27.06,15.29714286,5
Hartford,2003,30,7/23/03,298.0428571,6.39,13.55857143,1
Hartford,2003,31,7/30/03,298.3571429,12,14.68571429,1
Hartford,2003,32,8/6/03,298.55,6.5,14.58428571,0
Hartford,2003,33,8/13/03,298.2714286,21,15.58857143,0
Hartford,2003,34,8/20/03,298.8571429,35.1,15.01,0
Hartford,2003,35,8/27/03,299.6714286,18.03,16.44571429,0
Hartford,2003,36,9/3/03,298.4428571,33.5,12.94714286,2
Hartford,2003,37,9/10/03,300.1928571,6,15.44714286,0
Hartford,2003,38,9/17/03,297.7071429,115.2,15.31142857,3
Hartford,2003,39,9/24/03,299.2928571,53.36,17.26285714,0
Hartford,2003,40,10/1/03,300.7,253.3,17.45142857,0
Hartford,2003,41,10/8/03,299.8857143,42.5,17.91428571,0
Hartford,2003,42,10/15/03,299.35,34.6,17.79714286,2
Hartford,2003,43,10/22/03,300.6785714,41.2,17.89571429,2
Hartford,2003,44,10/29/03,300.8428571,6.1,16.87285714,3
Hartford,2003,45,11/5/03,299.9571429,85.3,17.39,3
Hartford,2003,46,11/12/03,300.1714286,36.4,17.29285714,3
Hartford,2003,47,11/19/03,300.1071429,40.8,18.37857143,1
Hartford,2003,48,11/26/03,299.6071429,51.4,18.27,2
Hartford,2003,49,12/3/03,299.7357143,77.83,17.74571429,3
Hartford,2003,50,12/10/03,300.25,178.89,19.10714286,6
Hartford,2003,51,12/17/03,299.5428571,65.04,18.53285714,5
Hartford,2003,52,12/24/03,297.05,82.68,17.17285714,1
Hartford,2004,1,1/1/04,,,,4
Hartford,2004,2,1/8/04,298.7428571,55.3,18.25571429,5
Hartford,2004,3,1/15/04,298.9571429,62.5,18.71285714,8
Hartford,2004,4,1/22/04,300.8285714,19.4,17.49142857,5
Hartford,2004,5,1/29/04,302.15,1.6,14.54857143,2
Hartford,2004,6,2/5/04,301.3714286,9,15.56714286,3
Hartford,2004,7,2/12/04,299.55,33.46,17.17428571,3
Hartford,2004,8,2/19/04,299.75,34.5,17.20857143,1
Hartford,2004,9,2/26/04,299.4357143,83.27,17.95,6
Hartford,2004,10,3/4/04,299.4285714,49.36,18.09428571,4
Hartford,2004,11,3/11/04,297.5214286,76.75,17.61,1
Hartford,2004,12,3/18/04,299.5357143,75.16,18.24857143,2
Hartford,2004,13,3/25/04,298.2,76.2,18.23714286,3
Hartford,2004,14,4/1/04,298.2642857,88.9,18.47,1
Hartford,2004,15,4/8/04,298.9785714,135.4,18.82571429,8
Hartford,2004,16,4/15/04,299.65,54.89,18.30857143,4
Hartford,2004,17,4/22/04,298.5142857,90.3,18.40857143,6
Hartford,2004,18,4/29/04,297.8285714,133.17,18.34,7
Hartford,2004,19,5/6/04,299.1285714,56.52,18.51142857,5
Hartford,2004,20,5/13/04,297.2142857,45.5,16.77857143,8
Hartford,2004,21,5/20/04,299.1785714,83,17.40142857,6
Hartford,2004,22,5/27/04,298.3285714,42.6,17.5,5
Hartford,2004,23,6/3/04,297.8214286,36.63,17.21285714,6
Hartford,2004,24,6/10/04,296.25,51.89,16.42,6
Hartford,2004,25,6/17/04,297.3214286,24.5,16.13857143,13
Hartford,2004,26,6/24/04,296.8142857,25.9,15.31285714,2
Hartford,2004,27,7/1/04,297.5857143,50.7,16.51428571,10
Hartford,2004,28,7/8/04,298.0857143,18.67,16.25285714,3
Hartford,2004,29,7/15/04,298.9357143,24.76,15.86,12
Hartford,2004,30,7/22/04,298.1142857,25.42,16.48,7
Hartford,2004,31,7/29/04,297.2928571,27.62,15.97571429,6
Hartford,2004,32,8/5/04,298.9642857,3.9,14.69428571,5
Hartford,2004,33,8/12/04,297.6357143,4.1,13.82428571,6
Hartford,2004,34,8/19/04,299.9857143,7.9,14.96142857,6
Hartford,2004,35,8/26/04,299.8071429,23.2,16.07714286,6
Hartford,2004,36,9/2/04,299.3785714,41.89,16.48428571,8
Hartford,2004,37,9/9/04,300.5142857,35.7,17.67,6
Hartford,2004,38,9/16/04,299.0642857,59.5,17.44,9
Hartford,2004,39,9/23/04,299.9714286,6.9,15.90142857,12
Hartford,2004,40,9/30/04,300.9142857,70.02,17.71142857,19
Hartford,2004,41,10/7/04,298.7428571,39.9,16.82428571,8
Hartford,2004,42,10/14/04,299.2642857,51.6,18.54714286,16
Hartford,2004,43,10/21/04,300.9214286,23.1,17.90142857,21
Hartford,2004,44,10/28/04,299.9428571,48.5,17.53714286,6
Hartford,2004,45,11/4/04,300.7857143,67,17.80571429,22
Hartford,2004,46,11/11/04,297.7071429,53.9,18.12142857,37
Hartford,2004,47,11/18/04,301.2357143,26.8,17.73857143,33
Hartford,2004,48,11/25/04,299.2,56.8,18.71428571,18
Hartford,2004,49,12/2/04,300.3785714,36.83,18.11,83
Hartford,2004,50,12/9/04,298.8357143,91,18.20714286,116
Hartford,2004,51,12/16/04,300.0357143,38,18.04,32
Hartford,2004,52,12/23/04,299.6571429,29.79,18.85571429,7
Middlesex,2002,1,1/1/02,,,,3
Middlesex,2002,2,1/8/02,298.1214286,18.3,15.87857143,9
Middlesex,2002,3,1/15/02,297.4857143,19.8,15.83285714,5
Middlesex,2002,4,1/22/02,297.3357143,5.11,14.48285714,5
Middlesex,2002,5,1/29/02,297.55,6.5,14.18571429,4
Middlesex,2002,6,2/5/02,297.1285714,16.2,14.12285714,4
Middlesex,2002,7,2/12/02,298.0571429,20.1,16.06,1
Middlesex,2002,8,2/19/02,298.1071429,4.4,15.01285714,0
Middlesex,2002,9,2/26/02,297.6785714,14.4,14.38142857,0
Middlesex,2002,10,3/5/02,297.8,5.5,14.70142857,10
Middlesex,2002,11,3/12/02,297.7857143,12.6,14.94428571,9
Middlesex,2002,12,3/19/02,298.15,3.56,15.13571429,17
Middlesex,2002,13,3/26/02,297.4285714,21,14.96857143,16
Middlesex,2002,14,4/2/02,298.0714286,16.2,15.26428571,11
Middlesex,2002,15,4/9/02,298.8785714,11.1,15.61285714,12
Middlesex,2002,16,4/16/02,298,70.6,16.32428571,19
Middlesex,2002,17,4/23/02,298.2571429,25.8,15.45285714,15
Middlesex,2002,18,4/30/02,298.5214286,4,14.9,12
Middlesex,2002,19,5/7/02,298.4428571,45,15.75,12
Middlesex,2002,20,5/14/02,298.5142857,27.5,15.68714286,16
Middlesex,2002,21,5/21/02,298.5571429,570.5,17.23285714,9
Middlesex,2002,22,5/28/02,298.75,130.3,17.83285714,4
Middlesex,2002,23,6/4/02,299.2285714,50,17.99571429,9
Middlesex,2002,24,6/11/02,298.9642857,43.8,17.57,6
Middlesex,2002,25,6/18/02,298.9571429,37.1,17.44142857,8
Middlesex,2002,26,6/25/02,299.55,33.7,17.80714286,4
Middlesex,2002,27,7/2/02,300.3785714,10,17.66714286,2
Middlesex,2002,28,7/9/02,300.5642857,5.4,17.56857143,7
Middlesex,2002,29,7/16/02,299.8285714,46.1,17.43,6
Middlesex,2002,30,7/23/02,299.3714286,69.04,17.24857143,5
Middlesex,2002,31,7/30/02,299.1071429,58.8,17.11428571,8
Middlesex,2002,32,8/6/02,299.9142857,27.1,17.54714286,1
Middlesex,2002,33,8/13/02,299.2214286,81.8,17.41571429,1
Middlesex,2002,34,8/20/02,299.7357143,61.6,17.60142857,4
Middlesex,2002,35,8/27/02,300.1571429,28.9,17.45857143,104
Middlesex,2002,36,9/3/02,300.1571429,34.36,17.56428571,77
Middlesex,2002,37,9/10/02,299.7571429,87.2,17.35285714,54
Middlesex,2002,38,9/17/02,300.0714286,32.6,17.54142857,95
Middlesex,2002,39,9/24/02,299.3785714,116.79,17.75142857,81
Middlesex,2002,40,10/1/02,299.7071429,34.2,17.60428571,126
Middlesex,2002,41,10/8/02,300.3285714,19.4,17.89714286,49
Middlesex,2002,42,10/15/02,300.2285714,11.3,17.30857143,82
Middlesex,2002,43,10/22/02,299.9142857,21.5,17.04428571,109
Middlesex,2002,44,10/29/02,299.8428571,25,17.24714286,109
Middlesex,2002,45,11/5/02,299.85,27.7,17.73,49
Middlesex,2002,46,11/12/02,299.2071429,31.72,16.48142857,149
Middlesex,2002,47,11/19/02,298.2857143,49.97,16.06714286,84
Middlesex,2002,48,11/26/02,298.7428571,128.1,17.52857143,126
Middlesex,2002,49,12/3/02,298.55,54.8,16.67857143,126
Middlesex,2002,50,12/10/02,298.9142857,19.23,16.02428571,45
Middlesex,2002,51,12/17/02,298.5071429,24.94,15.25142857,60
Middlesex,2002,52,12/24/02,297.35,23.8,14.32428571,79
Middlesex,2003,1,1/1/03,,,,3
Middlesex,2003,2,1/8/03,297.55,41.9,15.52,24
Middlesex,2003,3,1/15/03,297.3428571,27.5,14.46714286,136
Middlesex,2003,4,1/22/03,297.6285714,11.2,14.49,126
Middlesex,2003,5,1/29/03,297.1285714,21.8,14.30714286,10
Middlesex,2003,6,2/5/03,297.6857143,26.3,15.45285714,13
Middlesex,2003,7,2/12/03,296.8,14.3,14.38571429,58
Middlesex,2003,8,2/19/03,297.9714286,7.2,14.75285714,45
Middlesex,2003,9,2/26/03,296.8714286,21.5,13.82714286,58
Middlesex,2003,10,3/5/03,297.2428571,1.8,13.49428571,12
Middlesex,2003,11,3/12/03,296.6428571,2.7,12.58285714,45
Middlesex,2003,12,3/19/03,298.0142857,10.5,15.06428571,103
Middlesex,2003,13,3/26/03,297.6714286,13,14.64857143,69
Middlesex,2003,14,4/2/03,297.4428571,20.27,15.2,42
Middlesex,2003,15,4/9/03,297.8928571,14.2,15.16285714,34
Middlesex,2003,16,4/16/03,298,23.2,15.5,67
Middlesex,2003,17,4/23/03,297.7428571,63.49,15.48857143,139
Middlesex,2003,18,4/30/03,298.6928571,34.3,16.59714286,51
Middlesex,2003,19,5/7/03,298.1857143,40.7,16.65857143,56
Middlesex,2003,20,5/14/03,297.6928571,142.4,16.26714286,39
Middlesex,2003,21,5/21/03,298.7214286,55.67,16.85714286,76
Middlesex,2003,22,5/28/03,299.3785714,100.2,18.18571429,116
Middlesex,2003,23,6/4/03,298.9142857,93.2,17.95142857,17
Middlesex,2003,24,6/11/03,300.7357143,20.2,18.49142857,120
Middlesex,2003,25,6/18/03,299.2642857,55.5,17.13,9
Middlesex,2003,26,6/25/03,299.4928571,74,17.71285714,28
Middlesex,2003,27,7/2/03,299.8428571,27.5,17.92285714,39
Middlesex,2003,28,7/9/03,299.6285714,72.8,17.40714286,27
Middlesex,2003,29,7/16/03,299.7071429,67.7,17.46,53
Middlesex,2003,30,7/23/03,299.9642857,29.4,17.31714286,87
Middlesex,2003,31,7/30/03,299.2642857,109,18.03428571,72
Middlesex,2003,32,8/6/03,300.2642857,12.6,18.32714286,116
Middlesex,2003,33,8/13/03,300.35,21.8,17.98857143,25
Middlesex,2003,34,8/20/03,299.7714286,62.7,17.95285714,24
Middlesex,2003,35,8/27/03,299.9857143,26.9,17.91714286,97
Middlesex,2003,36,9/3/03,300.0357143,34.4,17.52714286,50
Middlesex,2003,37,9/10/03,299.8571429,42.1,17.56142857,71
Middlesex,2003,38,9/17/03,299.7857143,50,17.70428571,33
Middlesex,2003,39,9/24/03,300.1428571,57.9,17.95285714,137
Middlesex,2003,40,10/1/03,299.9428571,76,18.12,41
Middlesex,2003,41,10/8/03,299.6071429,55.36,18.10428571,119
Middlesex,2003,42,10/15/03,300.0428571,35.8,17.86,114
Middlesex,2003,43,10/22/03,300.2428571,17,17.59285714,74
Middlesex,2003,44,10/29/03,299.7214286,57.6,17.55571429,64
Middlesex,2003,45,11/5/03,299.9214286,16.1,17.44142857,2
Middlesex,2003,46,11/12/03,299.35,25.6,16.66285714,71
Middlesex,2003,47,11/19/03,299.05,70.71,16.58,133
Middlesex,2003,48,11/26/03,298.6785714,118.1,16.66142857,82
Middlesex,2003,49,12/3/03,298.7214286,25.7,16.40142857,81
Middlesex,2003,50,12/10/03,298.1928571,43.4,15.93285714,60
Middlesex,2003,51,12/17/03,298.5857143,28.6,15.57142857,42
Middlesex,2003,52,12/24/03,298.3357143,33.6,15.65,43
Middlesex,2004,1,1/1/04,298.7785714,3.4,15.78,5
Middlesex,2004,2,1/8/04,298.2857143,19.5,14.95142857,1
Middlesex,2004,3,1/15/04,297.6928571,19.4,15.09714286,69
Middlesex,2004,4,1/22/04,297.9428571,16.4,14.77571429,70
Middlesex,2004,5,1/29/04,297.7071429,19.04,14.93857143,98
Middlesex,2004,6,2/5/04,297.7142857,21.8,14.63428571,134
Middlesex,2004,7,2/12/04,297.5714286,11.5,14.28857143,17
Middlesex,2004,8,2/19/04,297.9428571,7.2,14.02,65
Middlesex,2004,9,2/26/04,297.5642857,11.5,14.15714286,7
Middlesex,2004,10,3/4/04,297.3357143,16.7,14.55857143,106
Middlesex,2004,11,3/11/04,297.4071429,18.7,15.25857143,32
Middlesex,2004,12,3/18/04,297.6714286,6.69,14.33428571,32
Middlesex,2004,13,3/25/04,298.2142857,2.9,14.61714286,132
Middlesex,2004,14,4/1/04,298.4642857,6.66,14.94571429,96
Middlesex,2004,15,4/8/04,298.3142857,4.4,14.54714286,75
Middlesex,2004,16,4/15/04,297.6214286,37,15.14714286,1
Middlesex,2004,17,4/22/04,297.7357143,16.6,14.29428571,8
Middlesex,2004,18,4/29/04,298.4928571,4.9,14.88142857,65
Middlesex,2004,19,5/6/04,299.0928571,14.1,16.62142857,58
Middlesex,2004,20,5/13/04,298.7,21.1,16.28,99
Middlesex,2004,21,5/20/04,298.55,28.9,16.76714286,15
Middlesex,2004,22,5/27/04,300.2285714,7.9,17.48714286,47
Middlesex,2004,23,6/3/04,299.7785714,16.7,16.71285714,37
Middlesex,2004,24,6/10/04,299.5357143,21.5,17.01571429,85
Middlesex,2004,25,6/17/04,299.8,3.7,16.83142857,52
Middlesex,2004,26,6/24/04,299.6357143,26.51,16.83714286,123
Middlesex,2004,27,7/1/04,300.0071429,22.9,17.22857143,39
Middlesex,2004,28,7/8/04,299.1785714,54.83,16.47857143,56
Middlesex,2004,29,7/15/04,299.65,18.52,16.50285714,23
Middlesex,2004,30,7/22/04,300.1,9.9,16.88285714,35
Middlesex,2004,31,7/29/04,300.1285714,3.3,16.58,82
Middlesex,2004,32,8/5/04,299.6357143,22.9,16.70857143,36
Middlesex,2004,33,8/12/04,299.6785714,12.5,16.83142857,147
Middlesex,2004,34,8/19/04,300.1285714,16.6,16.86428571,32
Middlesex,2004,35,8/26/04,300.5357143,11.56,17.33857143,135
Middlesex,2004,36,9/2/04,300.5357143,20.24,17.70571429,62
Middlesex,2004,37,9/9/04,300.1785714,28.3,17.52142857,93
Middlesex,2004,38,9/16/04,300.0571429,70.4,17.30571429,61
Middlesex,2004,39,9/23/04,300.0357143,50.7,17.35428571,103
Middlesex,2004,40,9/30/04,299.6428571,45.2,17.24857143,115
Middlesex,2004,41,10/7/04,300.5,2.8,16.74428571,89
Middlesex,2004,42,10/14/04,299.6214286,40.8,16.9,48
Middlesex,2004,43,10/21/04,300.4,15.81,17.12428571,144
Middlesex,2004,44,10/28/04,298.8571429,64.85,17.64142857,39
Middlesex,2004,45,11/4/04,300.05,15.6,17.26428571,108
Middlesex,2004,46,11/11/04,299.1285714,36.6,16.98428571,50
Middlesex,2004,47,11/18/04,299.3,47.5,17.64428571,48
Middlesex,2004,48,11/25/04,299.4571429,23.7,17.84857143,3
Middlesex,2004,49,12/2/04,298.85,27.4,16.17857143,139
Middlesex,2004,50,12/9/04,297.95,106.09,16.58,1
Middlesex,2004,51,12/16/04,298.7428571,16.5,15.32714286,8
Middlesex,2004,52,12/23/04,298.6928571,12.2,15.59571429,31
Fairfield,2002,1,1/1/02,297.4,12.5,14.25,92
Fairfield,2002,2,1/8/02,298.45,3.59,14.69857143,36
Fairfield,2002,3,1/15/02,296.7071429,32.88,14.28142857,75
Fairfield,2002,4,1/22/02,298.0142857,6.2,14.94714286,138
Fairfield,2002,5,1/29/02,297.65,43.3,15.27428571,81
Fairfield,2002,6,2/5/02,298.0142857,3.6,14.46,144
Fairfield,2002,7,2/12/02,298.4642857,10.07,15.22714286,144
Fairfield,2002,8,2/19/02,297.5142857,29.08,14.53,113
Fairfield,2002,9,2/26/02,297.2571429,50.73,14.85285714,9
Fairfield,2002,10,3/5/02,297.2785714,36.42,15.19142857,77
Fairfield,2002,11,3/12/02,297.0857143,18.6,14.30428571,33
Fairfield,2002,12,3/19/02,296.7071429,6.7,12.48142857,119
Fairfield,2002,13,3/26/02,297.0428571,4.6,12.33142857,103
Fairfield,2002,14,4/2/02,297.9214286,0,14.12285714,45
Fairfield,2002,15,4/9/02,298.7428571,2.1,15.73571429,64
Fairfield,2002,16,4/16/02,298.0071429,19.6,15.01,24
Fairfield,2002,17,4/23/02,297.6857143,2.7,13.69,39
Fairfield,2002,18,4/30/02,299.0714286,4.1,15.61714286,143
Fairfield,2002,19,5/7/02,299.3571429,9,16.82285714,94
Fairfield,2002,20,5/14/02,299.0857143,17.4,16.78857143,88
Fairfield,2002,21,5/21/02,299.5785714,17.3,17.41285714,57
Fairfield,2002,22,5/28/02,299.6071429,20.33,17.41142857,23
Fairfield,2002,23,6/4/02,298.65,86.8,17.21714286,52
Fairfield,2002,24,6/11/02,299.9,16.57,17.29571429,6
Fairfield,2002,25,6/18/02,300.1428571,35.24,18.05285714,129
Fairfield,2002,26,6/25/02,300.8071429,13.7,18.20714286,67
Fairfield,2002,27,7/2/02,301.0928571,9.22,17.56571429,114
Fairfield,2002,28,7/9/02,299.9785714,60.59,18.01285714,121
Fairfield,2002,29,7/16/02,300.6642857,38.3,18.35428571,53
Fairfield,2002,30,7/23/02,299.9571429,62.31,18.77714286,99
Fairfield,2002,31,7/30/02,300,102.4,18.67285714,62
Fairfield,2002,32,8/6/02,300.2857143,40.3,18.04285714,109
Fairfield,2002,33,8/13/02,300.6857143,17.7,18.85714286,72
Fairfield,2002,34,8/20/02,299.9857143,96.1,18.40428571,37
Fairfield,2002,35,8/27/02,300.2428571,55.21,18.39714286,17
Fairfield,2002,36,9/3/02,301.35,8.6,18.54571429,86
Fairfield,2002,37,9/10/02,300.2,122.7,18.63,115
Fairfield,2002,38,9/17/02,300.1357143,82.5,18.52857143,53
Fairfield,2002,39,9/24/02,300.2071429,11.6,18.25428571,41
Fairfield,2002,40,10/1/02,299.7285714,74.5,18.14571429,20
Fairfield,2002,41,10/8/02,299.5642857,53.98,18.13857143,100
Fairfield,2002,42,10/15/02,299.8428571,40.8,17.62142857,0
Fairfield,2002,43,10/22/02,299.4214286,46.4,17.84714286,18
Fairfield,2002,44,10/29/02,299.9428571,40.4,17.67,123
Fairfield,2002,45,11/5/02,299.2857143,32.4,16.60428571,103
Fairfield,2002,46,11/12/02,299.8071429,9.9,16.77,137
Fairfield,2002,47,11/19/02,299.4,12.7,16.54142857,112
Fairfield,2002,48,11/26/02,299.55,13.69,17.25714286,45
Fairfield,2002,49,12/3/02,299.4,12.8,16.06571429,85
Fairfield,2002,50,12/10/02,298.5785714,23.6,16.10571429,122
Fairfield,2002,51,12/17/02,298.2214286,40.3,15.37142857,104
Fairfield,2002,52,12/24/02,297.4571429,57,15.88857143,19
Fairfield,2003,1,1/1/03,298.6285714,9.32,16.01571429,67
Fairfield,2003,2,1/8/03,297.8642857,50.3,15.91714286,59
Fairfield,2003,3,1/15/03,297.4857143,44.85,15.20857143,101
Fairfield,2003,4,1/22/03,296.7571429,28.6,13.65,40
Fairfield,2003,5,1/29/03,297.4357143,11.9,14.05857143,33
Fairfield,2003,6,2/5/03,297.6857143,15.45,15.23857143,16
Fairfield,2003,7,2/12/03,298.0928571,16.7,15.12571429,9
Fairfield,2003,8,2/19/03,297.7071429,15.67,15.12857143,143
Fairfield,2003,9,2/26/03,297.4785714,3.2,13.69571429,111
Fairfield,2003,10,3/5/03,298.1785714,8.6,14.94285714,60
Fairfield,2003,11,3/12/03,297.6,28,15.23571429,1
Fairfield,2003,12,3/19/03,298.3642857,2.8,14.52857143,25
Fairfield,2003,13,3/26/03,297.4071429,28.8,14.72714286,150
Fairfield,2003,14,4/2/03,298.2071429,27.9,15.75142857,64
Fairfield,2003,15,4/9/03,298.0928571,24.22,15.18571429,139
Fairfield,2003,16,4/16/03,298.4642857,10.9,14.70571429,0
Fairfield,2003,17,4/23/03,298.0928571,21.5,14.93857143,130
Fairfield,2003,18,4/30/03,297.8,11.1,14.36142857,83
Fairfield,2003,19,5/7/03,297.6285714,68.2,15.79714286,63
Fairfield,2003,20,5/14/03,298.9214286,17.9,16.85714286,83
Fairfield,2003,21,5/21/03,299.5928571,21.71,17.66,133
Fairfield,2003,22,5/28/03,299.1928571,24.38,17.39428571,56
Fairfield,2003,23,6/4/03,298.8285714,43.3,16.8,123
Fairfield,2003,24,6/11/03,298.5642857,73.7,16.81,65
Fairfield,2003,25,6/18/03,299.7071429,22.5,17.46857143,127
Fairfield,2003,26,6/25/03,299.6857143,23.9,17.21142857,26
Fairfield,2003,27,7/2/03,299.8357143,35.23,17.76428571,40
Fairfield,2003,28,7/9/03,299.0642857,123.2,17.53857143,139
Fairfield,2003,29,7/16/03,299.9642857,15.8,17.14571429,68
Fairfield,2003,30,7/23/03,299.4571429,39.1,17.39,3
Fairfield,2003,31,7/30/03,299.1214286,67.71,17.81,42
Fairfield,2003,32,8/6/03,299.7928571,29.2,17.48,114
Fairfield,2003,33,8/13/03,299.0428571,68.7,17.52285714,38
Fairfield,2003,34,8/20/03,300.0357143,33.7,17.42285714,56
Fairfield,2003,35,8/27/03,300.7428571,21.95,18.48571429,104
Fairfield,2003,36,9/3/03,299.8857143,89.24,17.97,110
Fairfield,2003,37,9/10/03,299.4428571,151.7,18.40714286,145
Fairfield,2003,38,9/17/03,300.4428571,19.32,18.59571429,43
Fairfield,2003,39,9/24/03,300.2071429,27.2,17.52142857,56
Fairfield,2003,40,10/1/03,300.1142857,23.54,17.94142857,142
Fairfield,2003,41,10/8/03,299.8428571,23.7,17.48571429,24
Fairfield,2003,42,10/15/03,300.4642857,7.1,18.23,123
Fairfield,2003,43,10/22/03,299.3428571,65.2,17.14428571,48
Fairfield,2003,44,10/29/03,299.2357143,59.22,17.70142857,98
Fairfield,2003,45,11/5/03,298.2142857,219.9,16.67714286,103
Fairfield,2003,46,11/12/03,298.5571429,113.55,16.84285714,106
Fairfield,2003,47,11/19/03,298.4214286,49,17.12857143,103
Fairfield,2003,48,11/26/03,297.6785714,20.57,14.45857143,83
Fairfield,2003,49,12/3/03,297.9785714,3.8,14.24571429,137
Fairfield,2003,50,12/10/03,296.7714286,40.7,14.33285714,104
Fairfield,2003,51,12/17/03,297.1142857,3.93,13.15285714,90
Fairfield,2003,52,12/24/03,299.1071429,30.4,17.06714286,2
Fairfield,2004,1,1/1/04,299.8214286,3.24,16.37714286,107
Fairfield,2004,2,1/8/04,297.4285714,24.14,14.96714286,134
Fairfield,2004,3,1/15/04,297.6642857,7.79,14.27857143,16
Fairfield,2004,4,1/22/04,297.7428571,23.5,15.17428571,49
Fairfield,2004,5,1/29/04,296.8428571,81.3,14.89857143,134
Fairfield,2004,6,2/5/04,297.4071429,14.3,14.05857143,24
Fairfield,2004,7,2/12/04,297.2928571,50.58,15.01714286,126
Fairfield,2004,8,2/19/04,297.7142857,15.14,14.61428571,93
Fairfield,2004,9,2/26/04,297.3571429,15.1,13.93142857,36
Fairfield,2004,10,3/4/04,297.3928571,9.5,13.88571429,17
Fairfield,2004,11,3/11/04,297.35,14.3,13.97714286,122
Fairfield,2004,12,3/18/04,297.2214286,17.92,14.22285714,134
Fairfield,2004,13,3/25/04,297.9214286,7,14.22714286,3
Fairfield,2004,14,4/1/04,297.8571429,5.9,14.23142857,95
Fairfield,2004,15,4/8/04,296.6357143,18.73,13.49285714,69
Fairfield,2004,16,4/15/04,297.4642857,7.5,13.35,90
Fairfield,2004,17,4/22/04,299.05,16.2,15.50142857,62
Fairfield,2004,18,4/29/04,299.3857143,4,16.17,55
Fairfield,2004,19,5/6/04,299.5071429,1.5,16.07857143,95
Fairfield,2004,20,5/13/04,298.9857143,27.3,16.14428571,115
Fairfield,2004,21,5/20/04,299.3857143,10.1,15.99714286,3
Fairfield,2004,22,5/27/04,299.4357143,10.5,16.66,16
Fairfield,2004,23,6/3/04,299.0428571,41.7,17.36857143,4
Fairfield,2004,24,6/10/04,300.2642857,9.9,17.62,103
Fairfield,2004,25,6/17/04,300.6,7.8,17.84714286,66
Fairfield,2004,26,6/24/04,300.0928571,23.4,17.73285714,44
Fairfield,2004,27,7/1/04,300.5142857,24.3,17.63571429,81
Fairfield,2004,28,7/8/04,300.6428571,21.3,17.84571429,96
Fairfield,2004,29,7/15/04,300.1714286,35.4,17.94857143,132
Fairfield,2004,30,7/22/04,299.9428571,73.74,18.04571429,84
Fairfield,2004,31,7/29/04,300.2142857,33.6,17.61714286,33
Fairfield,2004,32,8/5/04,300.4142857,28.6,18.18,71
Fairfield,2004,33,8/12/04,299.9928571,42.79,17.98857143,100
Fairfield,2004,34,8/19/04,299.8,45.7,18.09142857,82
Fairfield,2004,35,8/26/04,300.3357143,35.9,18.18285714,101
Fairfield,2004,36,9/2/04,300.1214286,35.9,18.30857143,43
Fairfield,2004,37,9/9/04,300.7214286,46.4,19.04428571,76
Fairfield,2004,38,9/16/04,300.8071429,36.89,18.82857143,50
Fairfield,2004,39,9/23/04,300.5142857,39.6,17.82857143,15
Fairfield,2004,40,9/30/04,300.2071429,39,18.81428571,25
Fairfield,2004,41,10/7/04,300.7357143,26,18.31,53
Fairfield,2004,42,10/14/04,299.4357143,182,17.92714286,75
Fairfield,2004,43,10/21/04,299.8428571,27.34,17.81857143,56
Fairfield,2004,44,10/28/04,300.55,7.27,17.55142857,147
Fairfield,2004,45,11/4/04,300.0928571,9.5,17.09571429,101
Fairfield,2004,46,11/11/04,299.7928571,9,16.76428571,28
Fairfield,2004,47,11/18/04,299.5285714,40.5,17.73857143,121
Fairfield,2004,48,11/25/04,299.7,42.9,17.77142857,62
Fairfield,2004,49,12/2/04,299.5071429,14.7,17.00142857,50
Fairfield,2004,50,12/9/04,300.35,0.3,16.53,100
Fairfield,2004,51,12/16/04,299.6642857,3.9,16.14571429,133
Fairfield,2004,52,12/23/04,299.2857143,16.3,16.70428571,109
Litchfield,2002,1,1/1/02,298.1357143,,,20
Litchfield,2002,2,1/8/02,296.8428571,17.76,16.15142857,35
Litchfield,2002,3,1/15/02,296.7928571,16.97,15.78428571,34
Litchfield,2002,4,1/22/02,297.2,56.9,16.55142857,18
Litchfield,2002,5,1/29/02,296.7928571,7.77,16.27714286,80
Litchfield,2002,6,2/5/02,297.7,7.6,14.36285714,77
Litchfield,2002,7,2/12/02,298.3,0.3,14.88142857,92
Litchfield,2002,8,2/19/02,298.7428571,2.5,15.79714286,6
Litchfield,2002,9,2/26/02,298.75,30.3,15.84,105
Litchfield,2002,10,3/5/02,298.1428571,15.29,17.25714286,14
Litchfield,2002,11,3/12/02,298.2571429,43.5,16.02285714,2
Litchfield,2002,12,3/19/02,298,26.1,15.90714286,20
Litchfield,2002,13,3/26/02,299.3214286,1.8,17.10714286,130
Litchfield,2002,14,4/2/02,299.75,0.8,16.35,56
Litchfield,2002,15,4/9/02,299.5285714,6.85,14.92428571,93
Litchfield,2002,16,4/16/02,299.9571429,12.3,15.01428571,105
Litchfield,2002,17,4/23/02,300.2285714,48.3,16.46714286,15
Litchfield,2002,18,4/30/02,300.5928571,30.9,18.07571429,81
Litchfield,2002,19,5/7/02,300.9285714,24.08,17.84714286,71
Litchfield,2002,20,5/14/02,300.8214286,14.2,16.99,38
Litchfield,2002,21,5/21/02,300.8428571,41.5,17.73714286,126
Litchfield,2002,22,5/28/02,300.8714286,15.6,17.92857143,101
Litchfield,2002,23,6/4/02,300.9071429,174.8,19.31,48
Litchfield,2002,24,6/11/02,300.9714286,8.1,18.95285714,40
Litchfield,2002,25,6/18/02,300.7857143,13.08,18.48428571,15
Litchfield,2002,26,6/25/02,300.9428571,78.6,18.61285714,49
Litchfield,2002,27,7/2/02,301.2142857,36.12,18.84714286,90
Litchfield,2002,28,7/9/02,300.7071429,27.57,19.06142857,97
Litchfield,2002,29,7/16/02,300.85,24.47,19.20857143,114
Litchfield,2002,30,7/23/02,300.8071429,100.9,18.83571429,49
Litchfield,2002,31,7/30/02,301.2214286,40.09,18.86857143,69
Litchfield,2002,32,8/6/02,301.3785714,19.56,18.76428571,78
Litchfield,2002,33,8/13/02,301.2,39.9,19.02,113
Litchfield,2002,34,8/20/02,300.9857143,40.21,18.90714286,35
Litchfield,2002,35,8/27/02,300.8,34.08,19.03,111
Litchfield,2002,36,9/3/02,300.4142857,87.1,19.05142857,105
Litchfield,2002,37,9/10/02,300.1357143,31.7,19.08714286,92
Litchfield,2002,38,9/17/02,300.3142857,56.1,19.02714286,32
Litchfield,2002,39,9/24/02,300.1357143,27.6,18.55571429,17
Litchfield,2002,40,10/1/02,300.15,30.65,18.45714286,105
Litchfield,2002,41,10/8/02,300.2214286,32.52,18.72428571,5
Litchfield,2002,42,10/15/02,299.8142857,37.9,19.02857143,20
Litchfield,2002,43,10/22/02,299.5571429,14.5,18.17571429,97
Litchfield,2002,44,10/29/02,,4.8,17.15428571,118
Litchfield,2002,45,11/5/02,298.8285714,55.3,17.46142857,21
Litchfield,2002,46,11/12/02,298.6642857,120.7,17.94285714,21
Litchfield,2002,47,11/19/02,297.9571429,34,16.23857143,89
Litchfield,2002,48,11/26/02,298.6428571,17.58,14.99,51
Litchfield,2002,49,12/3/02,298.2857143,19,14.69571429,111
Litchfield,2002,50,12/10/02,298.9571429,3.7,12.75142857,19
Litchfield,2002,51,12/17/02,299.1928571,8.76,16.18428571,7
Litchfield,2002,52,12/24/02,298.7142857,30.8,15.20714286,97
Litchfield,2003,1,1/1/03,299.6357143,8.3,14.71714286,102
Litchfield,2003,2,1/8/03,298.25,27.68,14.19571429,112
Litchfield,2003,3,1/15/03,298.2357143,5.7,15.89285714,59
Litchfield,2003,4,1/22/03,300.1357143,7.2,15.87428571,78
Litchfield,2003,5,1/29/03,300.0857143,0.3,15.54428571,77
Litchfield,2003,6,2/5/03,298.9857143,1.1,14.79428571,94
Litchfield,2003,7,2/12/03,298.65,3.7,15.05,36
Litchfield,2003,8,2/19/03,298.7785714,2.44,15.36285714,120
Litchfield,2003,9,2/26/03,299.8285714,22.5,15.21857143,130
Litchfield,2003,10,3/5/03,300.3642857,0.4,13.09857143,119
Litchfield,2003,11,3/12/03,299.6571429,4.4,14.02428571,41
Litchfield,2003,12,3/19/03,299.8428571,2.8,12.53714286,104
Litchfield,2003,13,3/26/03,300.5214286,16.1,13.69857143,113
Litchfield,2003,14,4/2/03,300.3571429,13.16,15.34571429,0
Litchfield,2003,15,4/9/03,301.1285714,6.9,16.09285714,119
Litchfield,2003,16,4/16/03,301.1142857,0.7,14.73857143,3
Litchfield,2003,17,4/23/03,300.2785714,12,15.08142857,67
Litchfield,2003,18,4/30/03,300.4214286,3.7,14.90571429,56
Litchfield,2003,19,5/7/03,300.9785714,31.1,16.39142857,76
Litchfield,2003,20,5/14/03,301.1928571,7.2,14.78142857,3
Litchfield,2003,21,5/21/03,300.3714286,301.4,16.59428571,18
Litchfield,2003,22,5/28/03,300.1785714,276.9,17.77857143,106
Litchfield,2003,23,6/4/03,300.8857143,28.5,18.20142857,12
Litchfield,2003,24,6/11/03,301.1642857,37.3,18.12142857,39
Litchfield,2003,25,6/18/03,301.0071429,203.8,19.34,52
Litchfield,2003,26,6/25/03,301.2,15.2,18.98714286,51
Litchfield,2003,27,7/2/03,301.5428571,13.6,18.72,89
Litchfield,2003,28,7/9/03,301.4642857,28.7,18.66857143,24
Litchfield,2003,29,7/16/03,300.9,21.5,18.56285714,66
Litchfield,2003,30,7/23/03,301.2214286,11.6,18.16142857,51
Litchfield,2003,31,7/30/03,300.8357143,31.2,18.94857143,28
Litchfield,2003,32,8/6/03,300.7571429,42.1,18.38428571,36
Litchfield,2003,33,8/13/03,300.8857143,22.5,19.18142857,107
Litchfield,2003,34,8/20/03,300.9714286,7.5,18.60571429,89
Litchfield,2003,35,8/27/03,300.9857143,89.5,19.05857143,54
Litchfield,2003,36,9/3/03,300.3642857,5.9,18.79714286,117
Litchfield,2003,37,9/10/03,299.75,9.3,18.24571429,40
Litchfield,2003,38,9/17/03,299.1214286,34.1,18.74428571,124
Litchfield,2003,39,9/24/03,299.2714286,17.1,18.30571429,21
Litchfield,2003,40,10/1/03,298.9428571,25.9,18.58714286,26
Litchfield,2003,41,10/8/03,297.7642857,1.9,18.66571429,121
Litchfield,2003,42,10/15/03,298.9285714,1.4,17.93428571,110
Litchfield,2003,43,10/22/03,298.15,7.3,17.71428571,111
Litchfield,2003,44,10/29/03,298.2,6.9,16.97,96
Litchfield,2003,45,11/5/03,296.9285714,8.1,18.14,45
Litchfield,2003,46,11/12/03,298.0285714,6,17.60428571,35
Litchfield,2003,47,11/19/03,298.4785714,25.9,17.63571429,22
Litchfield,2003,48,11/26/03,298.5571429,60,17.14285714,45
Litchfield,2003,49,12/3/03,298.4142857,26,16.92571429,104
Litchfield,2003,50,12/10/03,298.2571429,5.3,15.63142857,93
Litchfield,2003,51,12/17/03,298.3642857,70.8,16.52857143,87
Litchfield,2003,52,12/24/03,297.7285714,6.1,14.22714286,42
Litchfield,2004,1,1/1/04,297.3,8,14.71428571,35
Litchfield,2004,2,1/8/04,297.35,1.4,15.55,116
Litchfield,2004,3,1/15/04,297.05,10.7,15.53142857,104
Litchfield,2004,4,1/22/04,297.1714286,1,14.79857143,96
Litchfield,2004,5,1/29/04,297.7928571,13.8,14.36571429,57
Litchfield,2004,6,2/5/04,298.6714286,7.9,14.17571429,78
Litchfield,2004,7,2/12/04,298.4857143,7.8,14.80714286,26
Litchfield,2004,8,2/19/04,297.9714286,1.9,14.93428571,107
Litchfield,2004,9,2/26/04,298.5214286,24.5,14.52428571,77
Litchfield,2004,10,3/4/04,298.4785714,2.8,14.68428571,57
Litchfield,2004,11,3/11/04,298.3214286,8,15.07857143,79
Litchfield,2004,12,3/18/04,298.1428571,15.5,14.60285714,99
Litchfield,2004,13,3/25/04,298.8285714,3.2,14.14857143,110
Litchfield,2004,14,4/1/04,299.8071429,71.6,15.16428571,25
Litchfield,2004,15,4/8/04,299.5928571,35.7,15.94142857,67
Litchfield,2004,16,4/15/04,300.2285714,8.3,15.91,124
Litchfield,2004,17,4/22/04,300.7357143,49.7,15.71428571,118
Litchfield,2004,18,4/29/04,300.6714286,1.1,14.7,5
Litchfield,2004,19,5/6/04,300.1642857,16,16.77857143,33
Litchfield,2004,20,5/13/04,300.0785714,23.92,16.36714286,67
Litchfield,2004,21,5/20/04,300.4571429,2.5,17.74857143,77
Litchfield,2004,22,5/27/04,300.6928571,13.7,17.49857143,51
Litchfield,2004,23,6/3/04,300.2285714,3.8,16.34142857,100
Litchfield,2004,24,6/10/04,300.6642857,0.1,17.70571429,97
Litchfield,2004,25,6/17/04,301.0071429,0,17.47285714,57
Litchfield,2004,26,6/24/04,300.5214286,1.2,17.83857143,129
Litchfield,2004,27,7/1/04,300.6714286,4.5,18.03714286,10
Litchfield,2004,28,7/8/04,300.9357143,12.6,17.87857143,67
Litchfield,2004,29,7/15/04,301.0785714,21,17.99714286,40
Litchfield,2004,30,7/22/04,300.5428571,5,18.26285714,94
Litchfield,2004,31,7/29/04,300.6,20.6,18.53428571,121
Litchfield,2004,32,8/5/04,301.0785714,16,18.04571429,52
Litchfield,2004,33,8/12/04,300.7357143,50.7,18.43714286,1
Litchfield,2004,34,8/19/04,300.5571429,15.9,18.77857143,24
Litchfield,2004,35,8/26/04,300.3642857,7.3,18.49857143,60
Litchfield,2004,36,9/2/04,300.5,57.4,18.14571429,90
Litchfield,2004,37,9/9/04,300.4071429,1.8,17.81857143,51
Litchfield,2004,38,9/16/04,300.3071429,1.3,17.57571429,18
Litchfield,2004,39,9/23/04,299.2285714,1.4,17.72428571,12
Litchfield,2004,40,9/30/04,299.1357143,2.7,18.29285714,67
Litchfield,2004,41,10/7/04,298.9857143,4.8,18.22571429,100
Litchfield,2004,42,10/14/04,298.7785714,13.3,17.66857143,3
Litchfield,2004,43,10/21/04,298.2642857,42.1,18.83142857,120
Litchfield,2004,44,10/28/04,298.5642857,10.4,18.30142857,56
Litchfield,2004,45,11/4/04,298.8071429,3.6,18.41142857,26
Litchfield,2004,46,11/11/04,298.2928571,8.3,17.79142857,108
Litchfield,2004,47,11/18/04,298.55,49.1,17.60142857,40
Litchfield,2004,48,11/25/04,297.4642857,12,17.94,54
Litchfield,2004,49,12/2/04,297.4928571,21.7,16.98142857,76
Litchfield,2004,50,12/9/04,297.6571429,16.2,16.56,21
Litchfield,2004,51,12/16/04,298.15,19.3,15.68285714,24
Litchfield,2004,52,12/23/04,297.3785714,8.9,15.38142857,102
Tolland,2002,1,1/1/02,298.2214286,15.8,15.98,110
Tolland,2002,2,1/8/02,297.9142857,2.7,15.27571429,41
Tolland,2002,3,1/15/02,297.7714286,8.5,14.31142857,120
Tolland,2002,4,1/22/02,297.75,8.3,14.39857143,58
Tolland,2002,5,1/29/02,297.0714286,7.7,15.31714286,72
Tolland,2002,6,2/5/02,297.9714286,15.1,14.44857143,46
Tolland,2002,7,2/12/02,298.6714286,7.6,14.31571429,129
Tolland,2002,8,2/19/02,298.1071429,0.3,14.19,10
Tolland,2002,9,2/26/02,298.0214286,1.5,14.45571429,10
Tolland,2002,10,3/5/02,299.0071429,4.6,14.41142857,45
Tolland,2002,11,3/12/02,298.3928571,13.5,13.45857143,123
Tolland,2002,12,3/19/02,299.5142857,4.8,12.70571429,4
Tolland,2002,13,3/26/02,299.0857143,2.55,15.98571429,14
Tolland,2002,14,4/2/02,299.5642857,64.3,15.88142857,5
Tolland,2002,15,4/9/02,300.4785714,0.7,16.21285714,36
Tolland,2002,16,4/16/02,300.85,1.4,15.96571429,37
Tolland,2002,17,4/23/02,301.0071429,19.9,15.45142857,21
Tolland,2002,18,4/30/02,300.9428571,34.11,17.65428571,24
Tolland,2002,19,5/7/02,300.6357143,9.1,16.32,72
Tolland,2002,20,5/14/02,300.3071429,61.09,18.03,108
Tolland,2002,21,5/21/02,300.6285714,19.6,15.39428571,51
Tolland,2002,22,5/28/02,300.4714286,18.93,15.46857143,79
Tolland,2002,23,6/4/02,300.7642857,32.92,16.62428571,83
Tolland,2002,24,6/11/02,300.4857143,10.5,13.99,17
Tolland,2002,25,6/18/02,301,20.3,16.37571429,38
Tolland,2002,26,6/25/02,301.0428571,14.21,14.48428571,100
Tolland,2002,27,7/2/02,300.3,41.1,16.80142857,78
Tolland,2002,28,7/9/02,300.8142857,50,17.17,50
Tolland,2002,29,7/16/02,301.2357143,17.7,16.13428571,19
Tolland,2002,30,7/23/02,301.2214286,156,17.29428571,101
Tolland,2002,31,7/30/02,301.4714286,13.16,15.80428571,65
Tolland,2002,32,8/6/02,301,249.4,15.70714286,118
Tolland,2002,33,8/13/02,300.8714286,28.5,16.89571429,114
Tolland,2002,34,8/20/02,300.7642857,141.6,17.80285714,6
Tolland,2002,35,8/27/02,300.8214286,75.1,18.54142857,90
Tolland,2002,36,9/3/02,301.1071429,85.3,19.57714286,125
Tolland,2002,37,9/10/02,300.7357143,229.6,17.96,41
Tolland,2002,38,9/17/02,300.3,143.1,18.17142857,22
Tolland,2002,39,9/24/02,300.2285714,69.53,18.75428571,95
Tolland,2002,40,10/1/02,300.0142857,58.43,18.41285714,48
Tolland,2002,41,10/8/02,299.2714286,116.57,18.96285714,39
Tolland,2002,42,10/15/02,299.2,34.23,18.04285714,40
Tolland,2002,43,10/22/02,298.8428571,19.83,16.40428571,38
Tolland,2002,44,10/29/02,298.4142857,222,17.51714286,124
Tolland,2002,45,11/5/02,299.0142857,44.87,16.40285714,4
Tolland,2002,46,11/12/02,297.9857143,134.5,17.68,28
Tolland,2002,47,11/19/02,297.85,28.9,17.64857143,98
Tolland,2002,48,11/26/02,298.25,9.4,15.92857143,108
Tolland,2002,49,12/3/02,297.7214286,98.7,17.38428571,48
Tolland,2002,50,12/10/02,298.0285714,62.8,17.93,64
Tolland,2002,51,12/17/02,298.3,280.42,18.22714286,93
Tolland,2002,52,12/24/02,298.3357143,45.9,18.47857143,32
Tolland,2003,1,1/1/03,298.4,126.8,18.58142857,106
Tolland,2003,2,1/8/03,297.1928571,87.4,17.9,89
Tolland,2003,3,1/15/03,297.3571429,54.1,17.87571429,17
Tolland,2003,4,1/22/03,298.8857143,73.7,18.38571429,20
Tolland,2003,5,1/29/03,298.1571429,67.28,18.44,89
Tolland,2003,6,2/5/03,299.3285714,82.1,18.66714286,127
Tolland,2003,7,2/12/03,299.0642857,81.2,17.81571429,88
Tolland,2003,8,2/19/03,298.0428571,101,17.81,14
Tolland,2003,9,2/26/03,299.2142857,97.2,18.44714286,87
Tolland,2003,10,3/5/03,299.4642857,101.6,18.80428571,118
Tolland,2003,11,3/12/03,298.9642857,42.6,15.78285714,84
Tolland,2003,12,3/19/03,296.6428571,69.5,17.18428571,15
Tolland,2003,13,3/26/03,300,35.9,17.54571429,50
Tolland,2003,14,4/2/03,300.4642857,36.5,16.95857143,18
Tolland,2003,15,4/9/03,299.7,36.7,16.21714286,96
Tolland,2003,16,4/16/03,300.8928571,178.1,16.87,98
Tolland,2003,17,4/23/03,301.7857143,44.7,14.98285714,121
Tolland,2003,18,4/30/03,301.5357143,64.2,16.33571429,111
Tolland,2003,19,5/7/03,299.5214286,54,16.39571429,69
Tolland,2003,20,5/14/03,301.35,25.7,14.78714286,101
Tolland,2003,21,5/21/03,300.4142857,24.8,15.68857143,17
Tolland,2003,22,5/28/03,301.6785714,19.6,15.94428571,37
Tolland,2003,23,6/4/03,303.3285714,27.3,15.41857143,82
Tolland,2003,24,6/11/03,301.7142857,79.9,16.03285714,116
Tolland,2003,25,6/18/03,301.4071429,10.4,13.84285714,119
Tolland,2003,26,6/25/03,300.6928571,24.3,15.30142857,51
Tolland,2003,27,7/2/03,301.4928571,14.4,14.87285714,93
Tolland,2003,28,7/9/03,301.0071429,11.4,15.27142857,51
Tolland,2003,29,7/16/03,300.35,64.5,16.55857143,115
Tolland,2003,30,7/23/03,299.4357143,107.8,16.61571429,125
Tolland,2003,31,7/30/03,301.9857143,90.9,17.47714286,5
Tolland,2003,32,8/6/03,300.2714286,47.5,17.33714286,58
Tolland,2003,33,8/13/03,300.5571429,52.3,18.01285714,75
Tolland,2003,34,8/20/03,300.3214286,35.7,18.69857143,88
Tolland,2003,35,8/27/03,297.4285714,130,17.90285714,45
Tolland,2003,36,9/3/03,300.2428571,51.2,17.68571429,116
Tolland,2003,37,9/10/03,299.4642857,69,18.11,96
Tolland,2003,38,9/17/03,299.45,243.6,18.36142857,13
Tolland,2003,39,9/24/03,299.5714286,59.9,18.36857143,18
Tolland,2003,40,10/1/03,298.4428571,40,18.16857143,67
Tolland,2003,41,10/8/03,299.3214286,50.2,18.33857143,21
Tolland,2003,42,10/15/03,299.0714286,89.5,18.11428571,84
Tolland,2003,43,10/22/03,299.0071429,172,18.06714286,66
Tolland,2003,44,10/29/03,298.5928571,120.4,18.58142857,24
Tolland,2003,45,11/5/03,298.45,140.8,17.76571429,106
Tolland,2003,46,11/12/03,299.0071429,116.8,17.91285714,121
Tolland,2003,47,11/19/03,298.85,99.8,17.57,111
Tolland,2003,48,11/26/03,298.5,46,17.09714286,71
Tolland,2003,49,12/3/03,299.2285714,65.7,18.10571429,75
Tolland,2003,50,12/10/03,297.7357143,245.1,18.3,78
Tolland,2003,51,12/17/03,297.3857143,75.9,17.55857143,23
Tolland,2003,52,12/24/03,298.6142857,62.8,16.83714286,88
Tolland,2004,1,1/1/04,298.1928571,50.3,16.96571429,32
Tolland,2004,2,1/8/04,296.4785714,118.2,17.80571429,126
Tolland,2004,3,1/15/04,297.1142857,79.2,17.10857143,0
Tolland,2004,4,1/22/04,298.9428571,124.1,16.88428571,1
Tolland,2004,5,1/29/04,297.8928571,59.9,18.14571429,52
Tolland,2004,6,2/5/04,296.4642857,139.1,17.42571429,122
Tolland,2004,7,2/12/04,298.3928571,109.5,18.42,67
Tolland,2004,8,2/19/04,295.2357143,125.8,18.52571429,51
Tolland,2004,9,2/26/04,296.8857143,92.2,17.87714286,114
Tolland,2004,10,3/4/04,296.6571429,56.6,17.88285714,33
Tolland,2004,11,3/11/04,296.4642857,39.92,16.39142857,22
Tolland,2004,12,3/18/04,298.7214286,57.8,17.81428571,8
Tolland,2004,13,3/25/04,298.0714286,42.7,16.29571429,109
Tolland,2004,14,4/1/04,298.1928571,16.5,16.22,84
Tolland,2004,15,4/8/04,299.05,35.4,16.71714286,66
Tolland,2004,16,4/15/04,298.9928571,39,15.87714286,40
Tolland,2004,17,4/22/04,299.3285714,25.5,16.69428571,45
Tolland,2004,18,4/29/04,299.8,181,16.46428571,111
Tolland,2004,19,5/6/04,299.3285714,36.2,16.02,95
Tolland,2004,20,5/13/04,300.2214286,64.1,15.64285714,81
Tolland,2004,21,5/20/04,299.0071429,147.8,16.48857143,85
Tolland,2004,22,5/27/04,299.2357143,15.5,13.73714286,127
Tolland,2004,23,6/3/04,298.1357143,16.3,15.27857143,40
Tolland,2004,24,6/10/04,299.9571429,8.9,14.56,66
Tolland,2004,25,6/17/04,301.0785714,29.5,14.45,50
Tolland,2004,26,6/24/04,299.4714286,102.9,16.56285714,51
Tolland,2004,27,7/1/04,299.8357143,39.7,15.57857143,99
Tolland,2004,28,7/8/04,299.8857143,12.9,15.29285714,93
Tolland,2004,29,7/15/04,298.8714286,25.8,15.83857143,94
Tolland,2004,30,7/22/04,299.7785714,8.5,14.99428571,57
Tolland,2004,31,7/29/04,300.0642857,58.7,16.30857143,60
Tolland,2004,32,8/5/04,299.6428571,27.7,15.83285714,61
Tolland,2004,33,8/12/04,298.4071429,73.8,17.78142857,94
Tolland,2004,34,8/19/04,298.0428571,35.3,17.41571429,52
Tolland,2004,35,8/26/04,299.7714286,58.5,18.57428571,7
Tolland,2004,36,9/2/04,297.2,51,18.03285714,8
Tolland,2004,37,9/9/04,298.1785714,32.9,17.81142857,88
Tolland,2004,38,9/16/04,297.7571429,52.31,18.84285714,91
Tolland,2004,39,9/23/04,298.4714286,107.7,19.34285714,126
Tolland,2004,40,9/30/04,298.6571429,85.7,19.59857143,95
Tolland,2004,41,10/7/04,298.2285714,38,18.20142857,103
Tolland,2004,42,10/14/04,298.3428571,76.7,18.84428571,55
Tolland,2004,43,10/21/04,299.45,70.8,19.02857143,65
Tolland,2004,44,10/28/04,297.6142857,66.7,18.26285714,5
Tolland,2004,45,11/4/04,298.0071429,53.1,16.78857143,25
Tolland,2004,46,11/11/04,297.55,44.6,16.90285714,109
Tolland,2004,47,11/18/04,297.9357143,71.9,18.39142857,125
Tolland,2004,48,11/25/04,299.2,88.6,17.61857143,86
Tolland,2004,49,12/2/04,297.15,104.2,18.72428571,26
Tolland,2004,50,12/9/04,299.3,188.1,18.04,118
Tolland,2004,51,12/16/04,298.7285714,152.4,18.46571429,86
Tolland,2004,52,12/23/04,298.5928571,62.4,17.89142857,112
Windham,2002,1,1/1/02,298.65,69.2,18.12,105
Windham,2002,2,1/8/02,297.0642857,97,18.75428571,124
Windham,2002,3,1/15/02,298.1,111.3,19.37714286,30
Windham,2002,4,1/22/02,297.6,81.72,18.89285714,115
Windham,2002,5,1/29/02,298.5785714,131.3,18.14857143,116
Windham,2002,6,2/5/02,298.9928571,52.2,17.91,118
Windham,2002,7,2/12/02,297.1,121,18.63285714,26
Windham,2002,8,2/19/02,298.7428571,58.2,18.18,88
Windham,2002,9,2/26/02,298.65,2.6,14.85285714,34
Windham,2002,10,3/5/02,297.4857143,52.6,18.47857143,58
Windham,2002,11,3/12/02,297.6,105.7,18.03857143,107
Windham,2002,12,3/19/02,299.3857143,124.2,17.38285714,126
Windham,2002,13,3/26/02,296.3142857,67.6,17.18571429,122
Windham,2002,14,4/2/02,297.7571429,45.7,17.44857143,67
Windham,2002,15,4/9/02,298.8285714,45.22,16.41,87
Windham,2002,16,4/16/02,299.4642857,4.7,15.13714286,74
Windham,2002,17,4/23/02,298.5,27.8,16.14857143,37
Windham,2002,18,4/30/02,299.5642857,25.37,15.91857143,35
Windham,2002,19,5/7/02,298.95,21.83,15.79142857,51
Windham,2002,20,5/14/02,299.9785714,4.12,16.67428571,56
Windham,2002,21,5/21/02,301.0928571,2.2,15.77571429,114
Windham,2002,22,5/28/02,300.8142857,4.36,16.13714286,38
Windham,2002,23,6/4/02,299.1214286,22.55,16.66714286,9
Windham,2002,24,6/11/02,300.5285714,13.1,17.01,98
Windham,2002,25,6/18/02,299.9214286,7.2,17.42,1
Windham,2002,26,6/25/02,299.7571429,17.1,17.67857143,45
Windham,2002,27,7/2/02,301.0642857,11.9,17.80857143,71
Windham,2002,28,7/9/02,300.6071429,19.86,17.20142857,44
Windham,2002,29,7/16/02,300.5571429,5.49,17.57142857,128
Windham,2002,30,7/23/02,298.75,13.62,17.94,127
Windham,2002,31,7/30/02,299.1928571,8.7,17.60857143,61
Windham,2002,32,8/6/02,300.5285714,43.5,18.54714286,25
Windham,2002,33,8/13/02,299.9142857,7.82,18.41857143,51
Windham,2002,34,8/20/02,299.7714286,65.9,18.35571429,75
Windham,2002,35,8/27/02,298.7714286,31.6,18.77714286,21
Windham,2002,36,9/3/02,297.4,50,19.09142857,64
Windham,2002,37,9/10/02,298.0214286,58.4,18.90142857,93
Windham,2002,38,9/17/02,298.9642857,28.1,18.59571429,56
Windham,2002,39,9/24/02,298.5714286,136.91,18.03428571,36
Windham,2002,40,10/1/02,299.6785714,37.5,18.42857143,21
Windham,2002,41,10/8/02,298.9928571,21.1,17.61714286,10
Windham,2002,42,10/15/02,298.9428571,40.4,17.65857143,107
Windham,2002,43,10/22/02,298.7071429,22.7,17.33714286,4
Windham,2002,44,10/29/02,298.0642857,9.9,16.81142857,15
Windham,2002,45,11/5/02,299.6214286,58.03,17.89142857,62
Windham,2002,46,11/12/02,299.4071429,19.6,17.30571429,52
Windham,2002,47,11/19/02,299.8857143,49.42,17.10857143,41
Windham,2002,48,11/26/02,299.1571429,31.83,16.16714286,116
Windham,2002,49,12/3/02,299.4857143,0.72,13.98571429,123
Windham,2002,50,12/10/02,299.7785714,9.52,14.72571429,2
Windham,2002,51,12/17/02,297.9285714,25.75,15.45,28
Windham,2002,52,12/24/02,299.2,17.5,15,116
Windham,2003,1,1/1/03,297.5685714,13.8,13.88142857,31
Windham,2003,2,1/8/03,297.4857143,1.21,15.25714286,31
Windham,2003,3,1/15/03,296.7414286,12.44,15.06142857,96
Windham,2003,4,1/22/03,297.27,10.8,14.39,91
Windham,2003,5,1/29/03,297.12,24,14.94142857,32
Windham,2003,6,2/5/03,297.5871429,3.6,14.87428571,58
Windham,2003,7,2/12/03,297.2642857,3.9,14.65285714,25
Windham,2003,8,2/19/03,297.2928571,12.8,15.00428571,46
Windham,2003,9,2/26/03,297.1385714,7.8,15.06571429,0
Windham,2003,10,3/5/03,297.0785714,11.8,13.67142857,18
Windham,2003,11,3/12/03,297.7214286,0.6,15.59142857,33
Windham,2003,12,3/19/03,297.6928571,2.2,15.33857143,97
Windham,2003,13,3/26/03,296.5957143,17.8,14.72142857,0
Windham,2003,14,4/2/03,297.1785714,55.1,14.75571429,57
Windham,2003,15,4/9/03,298.8214286,22.4,15.74857143,21
Windham,2003,16,4/16/03,299.2042857,31,14.66285714,39
Windham,2003,17,4/23/03,299.35,18,16.42,75
Windham,2003,18,4/30/03,298.85,11,15.75,91
Windham,2003,19,5/7/03,299.2414286,9.3,16.73,81
Windham,2003,20,5/14/03,299.2814286,5.5,16.52142857,72
Windham,2003,21,5/21/03,298.9957143,8.2,16.74,24
Windham,2003,22,5/28/03,300.0014286,15.65,17.88142857,65
Windham,2003,23,6/4/03,300.3671429,17.55,17.47571429,24
Windham,2003,24,6/11/03,300.0442857,15.73,17.98428571,26
Windham,2003,25,6/18/03,300.2957143,24.1,17.79428571,9
Windham,2003,26,6/25/03,300.4885714,10.8,17.95142857,9
Windham,2003,27,7/2/03,300.0942857,11.65,17.72857143,22
Windham,2003,28,7/9/03,299.9585714,10.3,18.25285714,30
Windham,2003,29,7/16/03,300.1171429,7.09,17.51,42
Windham,2003,30,7/23/03,300.2942857,47.12,18.30714286,40
Windham,2003,31,7/30/03,299.84,9.36,18.05285714,42
Windham,2003,32,8/6/03,299.7614286,23.78,17.81857143,17
Windham,2003,33,8/13/03,300.2657143,39.62,18.77428571,37
Windham,2003,34,8/20/03,300.1385714,15,18.53142857,45
Windham,2003,35,8/27/03,300.5485714,46.4,17.82285714,14
Windham,2003,36,9/3/03,300.6828571,10.9,18.71714286,77
Windham,2003,37,9/10/03,300.42,27.5,18.90428571,3
Windham,2003,38,9/17/03,300.1328571,13.4,18.64571429,27
Windham,2003,39,9/24/03,300.5642857,20,17.96428571,81
Windham,2003,40,10/1/03,299.4785714,25.5,18.07285714,94
Windham,2003,41,10/8/03,299.6085714,23.5,18.40285714,57
Windham,2003,42,10/15/03,300.3814286,27,17.69571429,2
Windham,2003,43,10/22/03,300.0314286,34.7,17.76428571,43
Windham,2003,44,10/29/03,299.6871429,9.5,16.81857143,13
Windham,2003,45,11/5/03,299.4914286,7.6,17.03857143,51
Windham,2003,46,11/12/03,299.62,32.3,17.00714286,59
Windham,2003,47,11/19/03,299.4557143,22.77,14.92142857,40
Windham,2003,48,11/26/03,300.1328571,5.9,15.16285714,76
Windham,2003,49,12/3/03,299.6385714,7.45,14.70857143,60
Windham,2003,50,12/10/03,299.2142857,8.3,16.62142857,45
Windham,2003,51,12/17/03,300,19.7,17.14857143,21
New_Haven,2002,1,1/1/02,297.6128571,36.6,14.26142857,49
New_Haven,2002,2,1/8/02,298.6114286,2.5,15.04285714,31
New_Haven,2002,3,1/15/02,298.6942857,3.6,15.67142857,62
New_Haven,2002,4,1/22/02,298.5785714,32.3,14.09142857,40
New_Haven,2002,5,1/29/02,299.0585714,18.4,13.77,20
New_Haven,2002,6,2/5/02,297.59,33.6,12.36285714,62
New_Haven,2002,7,2/12/02,298.8928571,9.7,12.80714286,10
New_Haven,2002,8,2/19/02,297.6557143,7.2,13.24142857,11
New_Haven,2002,9,2/26/02,298.2785714,0.5,14.75,10
New_Haven,2002,10,3/5/02,298.1757143,2.7,15.20428571,76
New_Haven,2002,11,3/12/02,298.5028571,1.8,14.28285714,0
New_Haven,2002,12,3/19/02,298.0442857,7.3,14.66857143,69
New_Haven,2002,13,3/26/02,297.8714286,7.5,15.78285714,4
New_Haven,2002,14,4/2/02,298.4728571,43.64,16.30428571,10
New_Haven,2002,15,4/9/02,297.7357143,23.5,16.31571429,31
New_Haven,2002,16,4/16/02,299.5657143,111.7,17.05571429,43
New_Haven,2002,17,4/23/02,299.1328571,15.2,16.96428571,11
New_Haven,2002,18,4/30/02,299.2,1.5,16.96285714,14
New_Haven,2002,19,5/7/02,300.0242857,7.7,16.67285714,18
New_Haven,2002,20,5/14/02,299.8428571,13.76,17.53285714,24
New_Haven,2002,21,5/21/02,299.6185714,28.3,18.48571429,17
New_Haven,2002,22,5/28/02,300.7571429,1.6,19.20714286,21
New_Haven,2002,23,6/4/02,300.5171429,20.1,18.16571429,84
New_Haven,2002,24,6/11/02,299.9442857,21.81,18.02857143,70
New_Haven,2002,25,6/18/02,300.5957143,18.4,19.04142857,32
New_Haven,2002,26,6/25/02,300.4528571,5.8,18.84571429,55
New_Haven,2002,27,7/2/02,300.3371429,44.04,18.88571429,47
New_Haven,2002,28,7/9/02,299.8228571,21.9,18.50857143,34
New_Haven,2002,29,7/16/02,300.0614286,13.4,18.48142857,17
New_Haven,2002,30,7/23/02,300.6628571,46.9,19.11428571,67
New_Haven,2002,31,7/30/02,300.6685714,22.5,18.83142857,27
New_Haven,2002,32,8/6/02,300.3671429,29.1,18.93857143,84
New_Haven,2002,33,8/13/02,300.4685714,31,18.72,99
New_Haven,2002,34,8/20/02,300.6871429,50.86,18.17428571,5
New_Haven,2002,35,8/27/02,300.1471429,63,18.86714286,57
New_Haven,2002,36,9/3/02,300.5871429,12.5,18.15714286,12
New_Haven,2002,37,9/10/02,300.13,13.9,19.44,99
New_Haven,2002,38,9/17/02,300.5971429,26.59,18.50571429,69
New_Haven,2002,39,9/24/02,300.7128571,11,18.70428571,84
New_Haven,2002,40,10/1/02,300.7957143,6.3,18.49857143,67
New_Haven,2002,41,10/8/02,300.2471429,97.7,18.03571429,4
New_Haven,2002,42,10/15/02,299.8485714,10.7,18.95857143,6
New_Haven,2002,43,10/22/02,299.6528571,17.08,18.99142857,25
New_Haven,2002,44,10/29/02,300.0028571,35.9,18.34,78
New_Haven,2002,45,11/5/02,298.6757143,92.1,18.22857143,3
New_Haven,2002,46,11/12/02,299.2328571,181.74,17.63857143,41
New_Haven,2002,47,11/19/02,298.3014286,38.7,16.54857143,44
New_Haven,2002,48,11/26/02,298.0942857,10.26,16.57142857,58
New_Haven,2002,49,12/3/02,299.0428571,50.6,14.50714286,72
New_Haven,2002,50,12/10/02,299.2828571,12.28,15.72142857,80
New_Haven,2002,51,12/17/02,,9.14,15.53285714,35
New_Haven,2002,52,12/24/02,298.7,,16.02714286,25
New_Haven,2003,1,1/1/03,298.4828571,20.7,15.20285714,17
New_Haven,2003,2,1/8/03,297.8614286,20.2,14.57142857,100
New_Haven,2003,3,1/15/03,297.4428571,1.1,15.79428571,28
New_Haven,2003,4,1/22/03,296.7728571,2,14.89714286,26
New_Haven,2003,5,1/29/03,296.6685714,3.8,13.86,46
New_Haven,2003,6,2/5/03,297.2185714,3.04,14.89857143,56
New_Haven,2003,7,2/12/03,295.9385714,1.7,15.28142857,7
New_Haven,2003,8,2/19/03,297.5428571,19.92,14.38857143,24
New_Haven,2003,9,2/26/03,297.8828571,16.2,13.95142857,97
New_Haven,2003,10,3/5/03,297.5428571,6.27,14.49714286,25
New_Haven,2003,11,3/12/03,298.2228571,13.81,13.7,47
New_Haven,2003,12,3/19/03,298.3085714,11.1,14.82285714,99
New_Haven,2003,13,3/26/03,297.9757143,81.1,14.93714286,61
New_Haven,2003,14,4/2/03,297.4814286,11,15.79428571,35
New_Haven,2003,15,4/9/03,299.2542857,2.6,15.56571429,37
New_Haven,2003,16,4/16/03,299.0357143,13.8,15.86571429,9
New_Haven,2003,17,4/23/03,299.4314286,11.86,15.83285714,63
New_Haven,2003,18,4/30/03,299.0985714,20.56,16.12428571,42
New_Haven,2003,19,5/7/03,299.7757143,36.9,14.98571429,22
New_Haven,2003,20,5/14/03,300.0528571,79,17.73428571,27
New_Haven,2003,21,5/21/03,300.5871429,90.2,17.79285714,38
New_Haven,2003,22,5/28/03,300.0257143,5.36,17.29,53
New_Haven,2003,23,6/4/03,300.3514286,30.07,17.46428571,21
New_Haven,2003,24,6/11/03,299.3671429,20,17.78428571,32
New_Haven,2003,25,6/18/03,300.1485714,17,18.09142857,45
New_Haven,2003,26,6/25/03,299.5042857,32.2,18.67142857,15
New_Haven,2003,27,7/2/03,299.79,43.83,17.91571429,43
New_Haven,2003,28,7/9/03,299.85,15.8,18.21571429,74
New_Haven,2003,29,7/16/03,300.0642857,31.21,18.01142857,58
New_Haven,2003,30,7/23/03,300.4985714,31.51,18.20714286,21
New_Haven,2003,31,7/30/03,299.97,24.6,18.42714286,61
New_Haven,2003,32,8/6/03,300.3271429,14.1,18.00714286,94
New_Haven,2003,33,8/13/03,300.2271429,44.4,18.32714286,11
New_Haven,2003,34,8/20/03,300.4585714,13.5,18.50714286,70
New_Haven,2003,35,8/27/03,300.5842857,25.37,18.63285714,74
New_Haven,2003,36,9/3/03,300.9614286,33.4,18.40142857,8
New_Haven,2003,37,9/10/03,300.5728571,16,18.38285714,43
New_Haven,2003,38,9/17/03,300.6442857,254.95,18.21,64
New_Haven,2003,39,9/24/03,300.4971429,8.57,18.39857143,48
New_Haven,2003,40,10/1/03,299.8271429,35.7,18.00142857,59
New_Haven,2003,41,10/8/03,300.0257143,41.4,18.26285714,41
New_Haven,2003,42,10/15/03,299.8042857,18,18.39428571,7
New_Haven,2003,43,10/22/03,299.96,25.2,18.46,59
New_Haven,2003,44,10/29/03,299.3042857,31.2,18.94714286,54
New_Haven,2003,45,11/5/03,298.9685714,24.5,17.61714286,40
New_Haven,2003,46,11/12/03,298.7328571,145.8,16.46428571,55
New_Haven,2003,47,11/19/03,298.7828571,24.9,16.08,16
New_Haven,2003,48,11/26/03,297.3328571,2.71,17.34571429,40
New_Haven,2003,49,12/3/03,297.4,2.8,15.97,6
New_Haven,2003,50,12/10/03,297.3828571,29.32,16.98714286,40
New_Haven,2003,51,12/17/03,298.3671429,41.3,15.91714286,17
New_Haven,2003,52,12/24/03,298.1485714,,15.59571429,76
New_Haven,2004,1,1/1/04,297.4414286,21.68,15.11571429,25
New_Haven,2004,2,1/8/04,296.5885714,43.1,15.36857143,77
New_Haven,2004,3,1/15/04,296.1842857,76.36,14.61428571,34
New_Haven,2004,4,1/22/04,297.6714286,31.85,14.16285714,64
New_Haven,2004,5,1/29/04,297.6757143,31.8,15.10285714,67
New_Haven,2004,6,2/5/04,297.7457143,6.4,15.18428571,93
New_Haven,2004,7,2/12/04,297.0885714,5.3,15.09142857,80
New_Haven,2004,8,2/19/04,296.5528571,10.1,15.56142857,40
New_Haven,2004,9,2/26/04,296.2028571,5.92,15.69714286,23
New_Haven,2004,10,3/4/04,296.3157143,3.3,15.38285714,29
New_Haven,2004,11,3/11/04,296.7442857,0.3,15.16714286,15
New_Haven,2004,12,3/18/04,296.3528571,0.2,15.74142857,61
New_Haven,2004,13,3/25/04,297.8171429,0.2,14.77285714,23
New_Haven,2004,14,4/1/04,297.7528571,8,14.90857143,77
New_Haven,2004,15,4/8/04,297.6228571,23.7,15.85428571,30
New_Haven,2004,16,4/15/04,298.3428571,3.6,16.90714286,74
New_Haven,2004,17,4/22/04,298.6485714,98.5,16.81714286,41
New_Haven,2004,18,4/29/04,298.32,11,16.94714286,44
New_Haven,2004,19,5/6/04,298.7714286,10.11,17.60857143,42
New_Haven,2004,20,5/13/04,298.7785714,96,17.00571429,34
New_Haven,2004,21,5/20/04,299.28,145.7,17.25714286,99
New_Haven,2004,22,5/27/04,299.6242857,14.59,17.50714286,43
New_Haven,2004,23,6/3/04,299.7857143,4.5,17.37,7
New_Haven,2004,24,6/10/04,299.5028571,15.9,17.48857143,1
New_Haven,2004,25,6/17/04,299.6071429,4.2,17.94714286,51
New_Haven,2004,26,6/24/04,300.1185714,28.59,17.51285714,65
New_Haven,2004,27,7/1/04,300.0257143,32.4,17.56142857,85
New_Haven,2004,28,7/8/04,300.1642857,45.28,17.50571429,11
New_Haven,2004,29,7/15/04,299.9085714,31.9,18.35142857,58
New_Haven,2004,30,7/22/04,300.0342857,34.3,17.46714286,100
New_Haven,2004,31,7/29/04,299.9242857,54.1,18.40714286,44
New_Haven,2004,32,8/5/04,300.5285714,11.93,18.41142857,33
New_Haven,2004,33,8/12/04,300.4685714,21.1,18.30571429,1
New_Haven,2004,34,8/19/04,299.96,28.1,18,83
New_Haven,2004,35,8/26/04,300.5171429,30,17.87,96
New_Haven,2004,36,9/2/04,300.7942857,3.7,17.72,77
New_Haven,2004,37,9/9/04,300.5771429,11.9,18.03714286,77
New_Haven,2004,38,9/16/04,299.88,14.6,17.98142857,46
New_Haven,2004,39,9/23/04,300.2028571,38.4,18.11857143,16
New_Haven,2004,40,9/30/04,300.2714286,27.3,18.37571429,90
New_Haven,2004,41,10/7/04,300.4185714,60.4,17.84571429,17
New_Haven,2004,42,10/14/04,300.0185714,18.7,17.27571429,29
New_Haven,2004,43,10/21/04,300.2614286,70.3,17.50285714,89
New_Haven,2004,44,10/28/04,299.0614286,26.26,17.29571429,43
New_Haven,2004,45,11/4/04,299.1871429,20.43,17.08285714,94
New_Haven,2004,46,11/11/04,299.92,93.9,17.18714286,86
New_Haven,2004,47,11/18/04,299.6185714,40.81,14.76857143,39
New_Haven,2004,48,11/25/04,299.7028571,36.65,15.67571429,84
New_Haven,2004,49,12/2/04,299.27,11.2,16.13,98
New_Haven,2004,50,12/9/04,298.5814286,13.6,16.34428571,64
New_Haven,2004,51,12/16/04,298.4771429,20.64,15.31857143,71
New_Haven,2004,52,12/23/04,297,23.5,16.4,5
Windham,2003,52,12/24/03,299,8.4,17,80
Windham,2004,1,1/1/04,298.1914286,,15.44428571,34
Windham,2004,2,1/8/04,297.59,17.72,15.07857143,84
Windham,2004,3,1/15/04,297.9128571,12.6,13.92142857,70
Windham,2004,4,1/22/04,297.5714286,20.62,14.73285714,35
Windham,2004,5,1/29/04,297.5885714,40.75,15.37857143,82
Windham,2004,6,2/5/04,297.5157143,14.9,14.40857143,59
Windham,2004,7,2/12/04,297.7742857,4.7,14.75428571,29
Windham,2004,8,2/19/04,297.4557143,18.64,14.09857143,81
Windham,2004,9,2/26/04,297.2357143,8.7,14.26571429,84
Windham,2004,10,3/4/04,297.2685714,8.3,13.67142857,52
Windham,2004,11,3/11/04,297.5014286,0.4,15.38714286,80
Windham,2004,12,3/18/04,298.0142857,5.5,14.48285714,23
Windham,2004,13,3/25/04,298.2814286,3.1,15.55571429,46
Windham,2004,14,4/1/04,298.12,8.9,15.33571429,61
Windham,2004,15,4/8/04,297.5371429,16.2,15.15285714,97
Windham,2004,16,4/15/04,297.5414286,12.76,14.41714286,20
Windham,2004,17,4/22/04,298.3242857,2,15.63,40
Windham,2004,18,4/29/04,298.9271429,5.35,15.06142857,60
Windham,2004,19,5/6/04,298.5571429,13.3,16.77142857,52
Windham,2004,20,5/13/04,298.4742857,14.28,17.26857143,27
Windham,2004,21,5/20/04,299.9414286,22.1,16.73,25
Windham,2004,22,5/27/04,299.5971429,18.64,16.99571429,85
Windham,2004,23,6/3/04,299.3271429,6.6,16.92285714,48
Windham,2004,24,6/10/04,299.6057143,24.8,17.25,85
Windham,2004,25,6/17/04,299.5,30.1,16.56285714,58
Windham,2004,26,6/24/04,299.8614286,81.61,17.63571429,26
Windham,2004,27,7/1/04,299.1257143,25.74,17.74571429,50
Windham,2004,28,7/8/04,299.4814286,55.1,17.74428571,71
Windham,2004,29,7/15/04,299.9328571,58.2,17.47428571,90
Windham,2004,30,7/22/04,299.9771429,66.52,17.77142857,16
Windham,2004,31,7/29/04,299.5757143,32.44,17.75857143,98
Windham,2004,32,8/5/04,299.5185714,29.35,18.33142857,34
Windham,2004,33,8/12/04,300.01,61.7,18.89285714,88
Windham,2004,34,8/19/04,300.3642857,46.2,18.75285714,1
Windham,2004,35,8/26/04,300.3928571,61.8,17.82428571,28
Windham,2004,36,9/2/04,300.0742857,25.74,18.18571429,60
Windham,2004,37,9/9/04,299.9514286,40.7,17.90285714,98
Windham,2004,38,9/16/04,299.8857143,34.13,18.17571429,53
Windham,2004,39,9/23/04,299.5085714,30.4,17.90142857,50
Windham,2004,40,9/30/04,300.3771429,64.72,18.47571429,74
Windham,2004,41,10/7/04,299.6385714,22.37,18.39714286,45
Windham,2004,42,10/14/04,300.2385714,41.31,17.87714286,72
Windham,2004,43,10/21/04,298.8114286,40.8,18.01142857,32
Windham,2004,44,10/28/04,299.8671429,138.1,18.15571429,8
Windham,2004,45,11/4/04,299.2971429,24.52,16.75142857,18
Windham,2004,46,11/11/04,299.1985714,53.27,17.30857143,81
Windham,2004,47,11/18/04,299.4228571,104.51,16.97285714,74
Windham,2004,48,11/25/04,298.8514286,140.2,15.41428571,91
Windham,2004,49,12/2/04,297.8085714,8.7,14.77142857,9
Windham,2004,50,12/9/04,298.6242857,107.84,17.19142857,80
Windham,2004,51,12/16/04,298.5814286,8.78,16.92,19
Windham,2004,52,12/23/04,298.8385714,14.5,17.23428571,26